Skjerm,Skjermnøkkel,Område,Rute,Review-ID,Wireframe-rammer,Skjermbilde,Status,Versjon,Reviewdato,Prototype,Skjermbilde URL
Onboarding,ONBOARDING,Kom i gang,#/onboarding,F01,F01,screens/phase-1b-F01-onboarding.png,Klar for review,1B.1 Botanical,2026-08-01,https://twainconsulting.github.io/florir-prototype-review/#/onboarding,https://twainconsulting.github.io/florir-prototype-review/screens/phase-1b-F01-onboarding.png
Hjem,HJEM,Hjem,#/hjem,F02,F02,screens/phase-1b-F02-hjem.png,Klar for review,1B.1 Botanical,2026-08-01,https://twainconsulting.github.io/florir-prototype-review/#/hjem,https://twainconsulting.github.io/florir-prototype-review/screens/phase-1b-F02-hjem.png
Moduler,LARING-MODULER,Læring,#/moduler,F04,F04,screens/phase-1b-F04-moduler.png,Klar for review,1B.1 Botanical,2026-08-01,https://twainconsulting.github.io/florir-prototype-review/#/moduler,https://twainconsulting.github.io/florir-prototype-review/screens/phase-1b-F04-moduler.png
Videoleksjon,LARING-VIDEO,Læring,#/video,F05,F05,screens/phase-1b-F05-video.png,Klar for review,1B.1 Botanical,2026-08-01,https://twainconsulting.github.io/florir-prototype-review/#/video,https://twainconsulting.github.io/florir-prototype-review/screens/phase-1b-F05-video.png
Refleksjon,LARING-REFLEKSJON,Læring,#/refleksjon,F06,F06,screens/phase-1b-F06-refleksjon.png,Klar for review,1B.1 Botanical,2026-08-01,https://twainconsulting.github.io/florir-prototype-review/#/refleksjon,https://twainconsulting.github.io/florir-prototype-review/screens/phase-1b-F06-refleksjon.png
Mat,MAT-HJEM,Mat,#/oppskrifter,F07,F07–F09,screens/phase-1b-F07-mat.png,Klar for review,1B.1 Botanical,2026-08-01,https://twainconsulting.github.io/florir-prototype-review/#/oppskrifter,https://twainconsulting.github.io/florir-prototype-review/screens/phase-1b-F07-mat.png
Oppskriftsbibliotek,MAT-BIBLIOTEK,Mat,#/oppskriftsliste,F07b,F10–F13,screens/phase-1b-F07b-oppskriftsliste.png,Klar for review,1B.1 Botanical,2026-08-01,https://twainconsulting.github.io/florir-prototype-review/#/oppskriftsliste,https://twainconsulting.github.io/florir-prototype-review/screens/phase-1b-F07b-oppskriftsliste.png
Meg,MEG-HJEM,Meg,#/meg,F08,F25–F26,screens/phase-1b-F08-meg.png,Klar for review,1B.1 Botanical,2026-08-01,https://twainconsulting.github.io/florir-prototype-review/#/meg,https://twainconsulting.github.io/florir-prototype-review/screens/phase-1b-F08-meg.png
Hjelp,HJELP,Hjelp,#/hjelp,F09,F27–F28,screens/phase-1b-F09-hjelp.png,Klar for review,1B.1 Botanical,2026-08-01,https://twainconsulting.github.io/florir-prototype-review/#/hjelp,https://twainconsulting.github.io/florir-prototype-review/screens/phase-1b-F09-hjelp.png
Innstillinger,INNSTILLINGER,Meg,#/innstillinger,F10,F33,screens/phase-1b-F10-innstillinger.png,Klar for review,1B.1 Botanical,2026-08-01,https://twainconsulting.github.io/florir-prototype-review/#/innstillinger,https://twainconsulting.github.io/florir-prototype-review/screens/phase-1b-F10-innstillinger.png
Tilbakeblikk,TILBAKEBLIKK,Meg,#/tilbakeblikk,F11,F29,screens/phase-1b-F11-tilbakeblikk.png,Klar for review,1B.1 Botanical,2026-08-01,https://twainconsulting.github.io/florir-prototype-review/#/tilbakeblikk,https://twainconsulting.github.io/florir-prototype-review/screens/phase-1b-F11-tilbakeblikk.png
Notater,NOTATER,Meg,#/notater,F12,F30,screens/phase-1b-F12-notater.png,Klar for review,1B.1 Botanical,2026-08-01,https://twainconsulting.github.io/florir-prototype-review/#/notater,https://twainconsulting.github.io/florir-prototype-review/screens/phase-1b-F12-notater.png
Ett notat,NOTAT-DETALJ,Meg,#/notat/n-01,F13,F31,screens/phase-1b-F13-notat.png,Klar for review,1B.1 Botanical,2026-08-01,https://twainconsulting.github.io/florir-prototype-review/#/notat/n-01,https://twainconsulting.github.io/florir-prototype-review/screens/phase-1b-F13-notat.png
Oppskrift,MAT-OPPSKRIFT,Mat,#/oppskrift/r-01,F14,F14–F19,screens/phase-1b-F14-oppskrift.png,Klar for review,1B.1 Botanical,2026-08-01,https://twainconsulting.github.io/florir-prototype-review/#/oppskrift/r-01,https://twainconsulting.github.io/florir-prototype-review/screens/phase-1b-F14-oppskrift.png
Nytt notat,NOTAT-NY,Meg,#/notat-opptak,F15,F32,screens/phase-1b-F15-notat-opptak.png,Klar for review,1B.1 Botanical,2026-08-01,https://twainconsulting.github.io/florir-prototype-review/#/notat-opptak,https://twainconsulting.github.io/florir-prototype-review/screens/phase-1b-F15-notat-opptak.png
Måltidsplan,MAT-PLAN,Mat,#/maltidsplan,F16,F20–F24,screens/phase-1b-F16-maltidsplan-tom.png,Klar for review,1B.1 Botanical,2026-08-01,https://twainconsulting.github.io/florir-prototype-review/#/maltidsplan,https://twainconsulting.github.io/florir-prototype-review/screens/phase-1b-F16-maltidsplan-tom.png
Interesser,INTERESSER,Profil,#/interesser,F17,F34,screens/phase-1b-F17-interesser.png,Klar for review,1B.1 Botanical,2026-08-01,https://twainconsulting.github.io/florir-prototype-review/#/interesser,https://twainconsulting.github.io/florir-prototype-review/screens/phase-1b-F17-interesser.png
Profilnavn,PROFIL-NAVN,Profil,#/profil-navn,F18,F35,screens/phase-1b-F18-profil-navn.png,Klar for review,1B.1 Botanical,2026-08-01,https://twainconsulting.github.io/florir-prototype-review/#/profil-navn,https://twainconsulting.github.io/florir-prototype-review/screens/phase-1b-F18-profil-navn.png
Konto,KONTO,Profil,#/konto,F19,F36,screens/phase-1b-F19-konto.png,Klar for review,1B.1 Botanical,2026-08-01,https://twainconsulting.github.io/florir-prototype-review/#/konto,https://twainconsulting.github.io/florir-prototype-review/screens/phase-1b-F19-konto.png
